{"cameraMode":{"drawMode":0,"name":"Shaded","section":"Shading Mode"},"sceneLighting":true,"audioPlay":false,"sceneViewState":{"showFog":true,"showMaterialUpdate":false,"showSkybox":true,"showFlares":true,"showImageEffects":true,"showParticleSystems":true},"in2DMode":false,"pivot":{"x":-17.162921905517579,"y":36.191932678222659,"z":-74.85018157958985},"rotation":{"x":0.02319876104593277,"y":0.9317001104354858,"z":-0.060467470437288287,"w":0.3574138283729553},"size":7.0893988609313969,"orthographic":false}